{
  "test_accuracy": 0.9133858267716536,
  "test_precision": 0.9092920353982301,
  "test_recall": 0.9426605504587156,
  "test_f1": 0.9256756756756757,
  "train_accuracy": 0.9691601049868767
}