{
  "test_accuracy": 0.8860294117647058,
  "test_precision": 0.6875,
  "test_recall": 0.2972972972972973,
  "test_f1": 0.41509433962264153,
  "train_accuracy": 0.985280588776449
}